diagnosis,mean,min,max,median,standard
B,12.14652380952381,6.981,17.85,12.2,1.7805116461410393
M,17.462830188679245,10.95,28.11,17.325000000000003,3.203971100779367
